guest,matches_found,unique_episode_ids,sample_episode_id,total_available_reported
Sizwe Dhlomo,949,949,2orscZYqs0mVGzsPH7kXeD,959
Dan Corder,186,186,2LE4FKcrclYr2ToTk6hkF8,188
Anele Mdoda,27,27,4osR69WVdx4oXtPXMi3ybs,27
Lupita Nyong'o,310,310,0uL0bpRFh4nmM2BGXn644a,322
Brad Smith,890,890,1Dy58bL4GoM5FJbCugTJSL,1000
Gabriel Iglesias,550,550,5h7s7oCk0ZHFm83hmFts70,579
Christiana Mbakwe Medina,20,20,0xnu9p4yXuMwmXf4pD9MDU,20
Idris Elba,727,727,3XuQdSTtGbGnkPAvN17xwU,735
Bryan Johnson,901,901,6MoxCaZLBkrbw0RH2BfwzU,1000
Mark Cuban,984,984,6PWvrg7x3RRL6TVJwH6Ig3,1000
Bill Gates,907,907,5u6QTvsA8DW1LaPVoK8Z2u,1000
"Dwayne ""The Rock"" Johnson",951,951,25EsnOtzd4n86V9dEupPK9,1000
